PLACE,indicator,Strongly_D,Moderate,Agree,Strongly_A,Total,pct_agree,lat,lon
Kangkar Pulai,Participate in Smart City Initiatives,0,2,0,1,3,33.3,1.557623346255399,103.5900325818511
Mutiara Rini,Participate in Smart City Initiatives,0,0,1,0,1,100.0,1.5078355041694056,103.62959825945602
Kampung Melayu Batu Skudai,Participate in Smart City Initiatives,2,0,10,14,26,92.3,1.5375311775221678,103.66057884175193
Kampung Teluk Serdang,Participate in Smart City Initiatives,0,0,1,0,1,100.0,1.497540820206339,103.6842046362624
Kampung Pasir,Participate in Smart City Initiatives,0,1,0,1,2,50.0,1.4945853313486772,103.6885092299382
Kampung Pasir Tampoi,Participate in Smart City Initiatives,0,0,1,0,1,100.0,1.489528976711252,103.69234611081013
Kampung Sungai Melayu,Participate in Smart City Initiatives,0,0,0,1,1,100.0,1.4727686482514186,103.69618299168198
Kota Iskandar,Participate in Smart City Initiatives,1,0,10,9,20,95.0,1.4217283625881747,103.65186469287806
Medini,Participate in Smart City Initiatives,0,0,1,1,2,100.0,1.4081059483297786,103.62848648849575
Kampung Bukit Kucing,Participate in Smart City Initiatives,0,0,2,0,2,100.0,1.390854856037487,103.60100371387837
Kampung Ladang,Participate in Smart City Initiatives,1,1,21,26,49,95.9,1.3664653807276952,103.62039632107592
Kampung Pendas,Participate in Smart City Initiatives,0,0,3,2,5,100.0,1.369439706984987,103.62753470409342
Kampung Pok Besar,Participate in Smart City Initiatives,0,0,2,2,4,100.0,1.361944404816612,103.58708386699425
Kampung Pok Kecil,Participate in Smart City Initiatives,0,0,1,0,1,100.0,1.361230566514862,103.5806593222785
Kampung Pok,Participate in Smart City Initiatives,0,0,3,4,7,100.0,1.3539732104470705,103.5778039690715
Kampung Tanjong Adang,Participate in Smart City Initiatives,0,1,0,4,5,80.0,1.35376500760906,103.567810232847
Kampung Pekajang,Participate in Smart City Initiatives,3,0,16,36,55,94.5,1.3582264969949973,103.5627538782096
Kampung Tiram Duku,Participate in Smart City Initiatives,0,0,3,0,3,100.0,1.3850020006229986,103.5802827126119
Kampung Simpang Arang,Participate in Smart City Initiatives,0,0,3,1,4,100.0,1.411161406593094,103.56791179966416
Kampung Lalang,Participate in Smart City Initiatives,1,0,0,0,1,0.0,1.4439454220430472,103.61894975107613
Kampung Baru Muafakat,Participate in Smart City Initiatives,0,0,0,1,1,100.0,1.4422322101188472,103.59567862243908
Gelang Patah,Participate in Smart City Initiatives,0,0,0,3,3,100.0,1.448085684193197,103.59525031945803
Kampung Melayu,Participate in Smart City Initiatives,4,0,27,19,50,92.0,1.449299209306172,103.58161600789461
Kampung Pulai Mutiara,Participate in Smart City Initiatives,0,0,1,0,1,100.0,1.4562234408331467,103.56898106995364
Kampung Melayu Baru,Participate in Smart City Initiatives,2,0,10,12,24,91.7,1.4561520570029718,103.56512634312419
Kampung Bukit Tempuring,Participate in Smart City Initiatives,0,0,0,1,1,100.0,1.4596498646815466,103.57155088783993
Kampung Pulai,Participate in Smart City Initiatives,1,1,19,16,37,94.6,1.4700005200569213,103.57105120102871
Nusa Sentral,Participate in Smart City Initiatives,0,0,1,0,1,100.0,1.465913795779402,103.61999373959245
Nusa Idaman,Participate in Smart City Initiatives,0,0,6,7,13,100.0,1.4685549974958767,103.63698309117409
Nusantara,Participate in Smart City Initiatives,0,0,0,1,1,100.0,1.4607259999999993,103.57992000000003
Pangsapuri Seri Mengkuang,Participate in Smart City Initiatives,0,0,0,2,2,100.0,1.3734244243868927,103.5928570083068
Pangsapuri Mengkuang,Participate in Smart City Initiatives,1,0,2,0,3,66.7,1.3758514746128425,103.59053703382611
Pekajang,Participate in Smart City Initiatives,0,0,0,1,1,100.0,1.3563022643554572,103.56359539905075
Perumahan Iskandar Malaysia,Participate in Smart City Initiatives,0,0,0,1,1,100.0,1.4767069191508742,103.6125235659439
Rumah Iskandar,Participate in Smart City Initiatives,0,0,11,9,20,100.0,1.4780528940047604,103.61829582592011
Skudai,Participate in Smart City Initiatives,0,0,0,3,3,100.0,1.5315719999999997,103.66048700000003
Sunway,Participate in Smart City Initiatives,0,0,2,1,3,100.0,1.3890379999999996,103.63923900000003
Sunway Iskandar Puteri,Participate in Smart City Initiatives,0,0,1,1,2,100.0,1.3920988729986623,103.63520964839215
Taman Desa Skudai,Participate in Smart City Initiatives,2,0,15,22,39,94.9,1.5445389999999994,103.64477400000003
Taman Desa Paya Mengkuang,Participate in Smart City Initiatives,0,0,1,0,1,100.0,1.3782679999999992,103.59063600000003
Taman Jaya Mas,Participate in Smart City Initiatives,0,0,1,0,1,100.0,1.494323999999999,103.64437500000004
Taman Harmoni,Participate in Smart City Initiatives,0,0,3,2,5,100.0,1.5366069999999992,103.65275500000003
Taman Medini,Participate in Smart City Initiatives,0,0,0,1,1,100.0,1.4382652948728767,103.63512496948204
Taman Mutiara Rini,Participate in Smart City Initiatives,1,0,4,8,13,92.3,1.5253379999999994,103.63999100000002
Taman Mas Gelang Patah,Participate in Smart City Initiatives,1,1,7,5,14,85.7,1.4583119999999998,103.58953500000003
Taman Nusa Sentral,Participate in Smart City Initiatives,0,0,13,15,28,100.0,1.4686479101754246,103.6218457728127
Taman Nusantara Gelang Patah,Participate in Smart City Initiatives,2,1,28,45,76,96.1,1.469847999999999,103.58241300000003
Taman Pulai Indah,Participate in Smart City Initiatives,0,0,0,1,1,100.0,1.5415969999999994,103.58063000000003
Taman Nusa Perintis,Participate in Smart City Initiatives,2,0,14,16,32,93.8,1.4547929999999991,103.59158100000003
Taman Skudai,Participate in Smart City Initiatives,0,0,2,0,2,100.0,1.5152201341720626,103.64827600217464
Taman Skudai Baru,Participate in Smart City Initiatives,0,0,0,1,1,100.0,1.4989249999999998,103.63336700000004
Taman Pulai Utama,Participate in Smart City Initiatives,0,0,8,12,20,100.0,1.546635,103.61666900000003
Taman Sri Pulai,Participate in Smart City Initiatives,0,0,14,16,30,100.0,1.5662840000000007,103.62084300000002
Taman Sri Pulai Perdana,Participate in Smart City Initiatives,1,0,2,9,12,91.7,1.5608590000000002,103.61197300000003
Taman Sri Orkid,Participate in Smart City Initiatives,0,0,4,4,8,100.0,1.5111799999999993,103.63989200000003
Taman Ungku Tun Aminah,Participate in Smart City Initiatives,2,0,11,19,32,93.8,1.5222169999999993,103.65947500000003
Tanjung Adang,Participate in Smart City Initiatives,0,0,0,2,2,100.0,1.354748269159172,103.56555518083186
Taman Universiti,Participate in Smart City Initiatives,0,0,0,1,1,100.0,1.5338589999999999,103.61640700000002
Tun Aminah,Participate in Smart City Initiatives,1,0,16,16,33,97.0,1.5114129999999992,103.65721300000003
Tanjung Kupang,Participate in Smart City Initiatives,1,0,7,11,19,94.7,1.3836689999999994,103.60085000000002
Kampung Desa Paya Mengkuang,Participate in Smart City Initiatives,0,0,0,1,1,100.0,1.3728309999999984,103.58580900000003
Kangkar Pulai,Attend Smart City Meetings,0,0,2,1,3,100.0,1.557623346255399,103.5900325818511
Mutiara Rini,Attend Smart City Meetings,0,1,0,0,1,0.0,1.5078355041694056,103.62959825945602
Kampung Teluk Serdang,Attend Smart City Meetings,0,0,1,0,1,100.0,1.497540820206339,103.6842046362624
Kampung Pasir,Attend Smart City Meetings,0,2,0,0,2,0.0,1.4945853313486772,103.6885092299382
Kampung Pasir Tampoi,Attend Smart City Meetings,0,0,1,0,1,100.0,1.489528976711252,103.69234611081013
Kampung Sungai Melayu,Attend Smart City Meetings,0,0,0,1,1,100.0,1.4727686482514186,103.69618299168198
Kota Iskandar,Attend Smart City Meetings,3,2,10,5,20,75.0,1.4217283625881747,103.65186469287806
Medini,Attend Smart City Meetings,0,1,0,1,2,50.0,1.4081059483297786,103.62848648849575
Kampung Bukit Kucing,Attend Smart City Meetings,0,1,1,0,2,50.0,1.390854856037487,103.60100371387837
Kampung Ladang,Attend Smart City Meetings,5,6,16,22,49,77.6,1.3664653807276952,103.62039632107592
Kampung Pendas,Attend Smart City Meetings,0,1,3,1,5,80.0,1.369439706984987,103.62753470409342
Kampung Pok Besar,Attend Smart City Meetings,0,0,2,2,4,100.0,1.361944404816612,103.58708386699425
Kampung Pok Kecil,Attend Smart City Meetings,0,0,1,0,1,100.0,1.361230566514862,103.5806593222785
Kampung Pok,Attend Smart City Meetings,0,0,4,3,7,100.0,1.3539732104470705,103.5778039690715
Kampung Tanjong Adang,Attend Smart City Meetings,1,1,0,3,5,60.0,1.35376500760906,103.567810232847
Kampung Pekajang,Attend Smart City Meetings,8,15,11,21,55,58.2,1.3582264969949973,103.5627538782096
Kampung Tiram Duku,Attend Smart City Meetings,0,0,1,2,3,100.0,1.3850020006229986,103.5802827126119
Kampung Simpang Arang,Attend Smart City Meetings,0,1,1,2,4,75.0,1.411161406593094,103.56791179966416
Kampung Lalang,Attend Smart City Meetings,0,1,0,0,1,0.0,1.4439454220430472,103.61894975107613
Kampung Baru Muafakat,Attend Smart City Meetings,0,0,0,1,1,100.0,1.4422322101188472,103.59567862243908
Gelang Patah,Attend Smart City Meetings,1,0,0,2,3,66.7,1.448085684193197,103.59525031945803
Kampung Melayu,Attend Smart City Meetings,3,10,24,13,50,74.0,1.449299209306172,103.58161600789461
Kampung Pulai Mutiara,Attend Smart City Meetings,0,0,1,0,1,100.0,1.4562234408331467,103.56898106995364
Kampung Melayu Baru,Attend Smart City Meetings,4,5,8,7,24,62.5,1.4561520570029718,103.56512634312419
Kampung Bukit Tempuring,Attend Smart City Meetings,1,0,0,0,1,0.0,1.4596498646815466,103.57155088783993
Kampung Pulai,Attend Smart City Meetings,2,7,17,11,37,75.7,1.4700005200569213,103.57105120102871
Nusa Sentral,Attend Smart City Meetings,0,0,0,1,1,100.0,1.465913795779402,103.61999373959245
Nusa Idaman,Attend Smart City Meetings,0,1,4,8,13,92.3,1.4685549974958767,103.63698309117409
Nusantara,Attend Smart City Meetings,0,0,0,1,1,100.0,1.4607259999999993,103.57992000000003
Pangsapuri Seri Mengkuang,Attend Smart City Meetings,0,0,2,0,2,100.0,1.3734244243868927,103.5928570083068
Pangsapuri Mengkuang,Attend Smart City Meetings,0,1,2,0,3,66.7,1.3758514746128425,103.59053703382611
Pekajang,Attend Smart City Meetings,0,0,0,1,1,100.0,1.3563022643554572,103.56359539905075
Perumahan Iskandar Malaysia,Attend Smart City Meetings,0,0,0,1,1,100.0,1.4767069191508742,103.6125235659439
Rumah Iskandar,Attend Smart City Meetings,1,3,8,8,20,80.0,1.4780528940047604,103.61829582592011
Skudai,Attend Smart City Meetings,1,0,1,1,3,66.7,1.5315719999999997,103.66048700000003
Sunway,Attend Smart City Meetings,0,2,1,0,3,33.3,1.3890379999999996,103.63923900000003
Sunway Iskandar Puteri,Attend Smart City Meetings,0,1,0,1,2,50.0,1.3920988729986623,103.63520964839215
Taman Desa Skudai,Attend Smart City Meetings,6,7,11,15,39,66.7,1.5445389999999994,103.64477400000003
Taman Desa Paya Mengkuang,Attend Smart City Meetings,0,0,1,0,1,100.0,1.3782679999999992,103.59063600000003
Taman Jaya Mas,Attend Smart City Meetings,0,1,0,0,1,0.0,1.494323999999999,103.64437500000004
Taman Harmoni,Attend Smart City Meetings,1,0,2,2,5,80.0,1.5366069999999992,103.65275500000003
Taman Medini,Attend Smart City Meetings,0,0,0,1,1,100.0,1.4382652948728767,103.63512496948204
Taman Mutiara Rini,Attend Smart City Meetings,1,2,6,4,13,76.9,1.5253379999999994,103.63999100000002
Taman Mas Gelang Patah,Attend Smart City Meetings,0,5,6,3,14,64.3,1.4583119999999998,103.58953500000003
Taman Nusa Sentral,Attend Smart City Meetings,3,6,11,8,28,67.9,1.4686479101754246,103.6218457728127
Taman Nusantara Gelang Patah,Attend Smart City Meetings,7,12,29,28,76,75.0,1.469847999999999,103.58241300000003
Taman Pulai Indah,Attend Smart City Meetings,0,0,0,1,1,100.0,1.5415969999999994,103.58063000000003
Taman Nusa Perintis,Attend Smart City Meetings,6,6,11,9,32,62.5,1.4547929999999991,103.59158100000003
Taman Skudai,Attend Smart City Meetings,0,1,1,0,2,50.0,1.5152201341720626,103.64827600217464
Taman Skudai Baru,Attend Smart City Meetings,0,0,0,1,1,100.0,1.4989249999999998,103.63336700000004
Taman Pulai Utama,Attend Smart City Meetings,3,1,8,8,20,80.0,1.546635,103.61666900000003
Taman Sri Pulai,Attend Smart City Meetings,1,6,12,11,30,76.7,1.5662840000000007,103.62084300000002
Taman Sri Pulai Perdana,Attend Smart City Meetings,5,1,2,4,12,50.0,1.5608590000000002,103.61197300000003
Taman Sri Orkid,Attend Smart City Meetings,1,0,2,5,8,87.5,1.5111799999999993,103.63989200000003
Taman Ungku Tun Aminah,Attend Smart City Meetings,2,8,8,14,32,68.8,1.5222169999999993,103.65947500000003
Tanjung Adang,Attend Smart City Meetings,0,0,1,1,2,100.0,1.354748269159172,103.56555518083186
Taman Universiti,Attend Smart City Meetings,1,0,0,0,1,0.0,1.5338589999999999,103.61640700000002
Tun Aminah,Attend Smart City Meetings,2,4,16,11,33,81.8,1.5114129999999992,103.65721300000003
Tanjung Kupang,Attend Smart City Meetings,5,4,5,5,19,52.6,1.3836689999999994,103.60085000000002
Kampung Desa Paya Mengkuang,Attend Smart City Meetings,1,0,0,0,1,0.0,1.3728309999999984,103.58580900000003
Kangkar Pulai,Volunteer for Smart City Initiatives,0,1,0,2,3,66.7,1.557623346255399,103.5900325818511
Mutiara Rini,Volunteer for Smart City Initiatives,0,0,1,0,1,100.0,1.5078355041694056,103.62959825945602
Kampung Melayu Batu Skudai,Volunteer for Smart City Initiatives,0,3,8,15,26,88.5,1.5375311775221678,103.66057884175193
Kampung Teluk Serdang,Volunteer for Smart City Initiatives,0,0,1,0,1,100.0,1.497540820206339,103.6842046362624
Kampung Pasir,Volunteer for Smart City Initiatives,0,1,1,0,2,50.0,1.4945853313486772,103.6885092299382
Kampung Pasir Tampoi,Volunteer for Smart City Initiatives,0,0,1,0,1,100.0,1.489528976711252,103.69234611081013
Kampung Sungai Melayu,Volunteer for Smart City Initiatives,0,0,0,1,1,100.0,1.4727686482514186,103.69618299168198
Kota Iskandar,Volunteer for Smart City Initiatives,0,1,10,9,20,95.0,1.4217283625881747,103.65186469287806
Medini,Volunteer for Smart City Initiatives,0,0,1,1,2,100.0,1.4081059483297786,103.62848648849575
Kampung Bukit Kucing,Volunteer for Smart City Initiatives,0,1,1,0,2,50.0,1.390854856037487,103.60100371387837
Kampung Ladang,Volunteer for Smart City Initiatives,3,5,16,25,49,83.7,1.3664653807276952,103.62039632107592
Kampung Pendas,Volunteer for Smart City Initiatives,0,0,4,1,5,100.0,1.369439706984987,103.62753470409342
Kampung Pok Besar,Volunteer for Smart City Initiatives,1,0,2,1,4,75.0,1.361944404816612,103.58708386699425
Kampung Pok Kecil,Volunteer for Smart City Initiatives,0,0,1,0,1,100.0,1.361230566514862,103.5806593222785
Kampung Pok,Volunteer for Smart City Initiatives,0,1,3,3,7,85.7,1.3539732104470705,103.5778039690715
Kampung Tanjong Adang,Volunteer for Smart City Initiatives,0,1,1,3,5,80.0,1.35376500760906,103.567810232847
Kampung Pekajang,Volunteer for Smart City Initiatives,3,9,13,30,55,78.2,1.3582264969949973,103.5627538782096
Kampung Tiram Duku,Volunteer for Smart City Initiatives,0,0,1,2,3,100.0,1.3850020006229986,103.5802827126119
Kampung Simpang Arang,Volunteer for Smart City Initiatives,0,1,1,2,4,75.0,1.411161406593094,103.56791179966416
Kampung Lalang,Volunteer for Smart City Initiatives,0,1,0,0,1,0.0,1.4439454220430472,103.61894975107613
Kampung Baru Muafakat,Volunteer for Smart City Initiatives,0,0,0,1,1,100.0,1.4422322101188472,103.59567862243908
Gelang Patah,Volunteer for Smart City Initiatives,0,0,0,3,3,100.0,1.448085684193197,103.59525031945803
Kampung Melayu,Volunteer for Smart City Initiatives,0,7,26,17,50,86.0,1.449299209306172,103.58161600789461
Kampung Pulai Mutiara,Volunteer for Smart City Initiatives,0,0,1,0,1,100.0,1.4562234408331467,103.56898106995364
Kampung Melayu Baru,Volunteer for Smart City Initiatives,0,2,11,11,24,91.7,1.4561520570029718,103.56512634312419
Kampung Bukit Tempuring,Volunteer for Smart City Initiatives,0,0,0,1,1,100.0,1.4596498646815466,103.57155088783993
Kampung Pulai,Volunteer for Smart City Initiatives,0,6,14,17,37,83.8,1.4700005200569213,103.57105120102871
Nusa Sentral,Volunteer for Smart City Initiatives,0,1,0,0,1,0.0,1.465913795779402,103.61999373959245
Nusa Idaman,Volunteer for Smart City Initiatives,1,1,3,8,13,84.6,1.4685549974958767,103.63698309117409
Nusantara,Volunteer for Smart City Initiatives,0,0,0,1,1,100.0,1.4607259999999993,103.57992000000003
Pangsapuri Seri Mengkuang,Volunteer for Smart City Initiatives,0,2,0,0,2,0.0,1.3734244243868927,103.5928570083068
Pangsapuri Mengkuang,Volunteer for Smart City Initiatives,0,1,2,0,3,66.7,1.3758514746128425,103.59053703382611
Pekajang,Volunteer for Smart City Initiatives,0,0,0,1,1,100.0,1.3563022643554572,103.56359539905075
Perumahan Iskandar Malaysia,Volunteer for Smart City Initiatives,0,1,0,0,1,0.0,1.4767069191508742,103.6125235659439
Rumah Iskandar,Volunteer for Smart City Initiatives,2,3,7,8,20,75.0,1.4780528940047604,103.61829582592011
Skudai,Volunteer for Smart City Initiatives,0,0,0,3,3,100.0,1.5315719999999997,103.66048700000003
Sunway,Volunteer for Smart City Initiatives,0,2,1,0,3,33.3,1.3890379999999996,103.63923900000003
Sunway Iskandar Puteri,Volunteer for Smart City Initiatives,0,0,1,1,2,100.0,1.3920988729986623,103.63520964839215
Taman Desa Skudai,Volunteer for Smart City Initiatives,1,4,14,20,39,87.2,1.5445389999999994,103.64477400000003
Taman Desa Paya Mengkuang,Volunteer for Smart City Initiatives,0,0,1,0,1,100.0,1.3782679999999992,103.59063600000003
Taman Jaya Mas,Volunteer for Smart City Initiatives,0,1,0,0,1,0.0,1.494323999999999,103.64437500000004
Taman Harmoni,Volunteer for Smart City Initiatives,1,0,2,2,5,80.0,1.5366069999999992,103.65275500000003
Taman Medini,Volunteer for Smart City Initiatives,0,0,1,0,1,100.0,1.4382652948728767,103.63512496948204
Taman Mutiara Rini,Volunteer for Smart City Initiatives,1,1,5,6,13,84.6,1.5253379999999994,103.63999100000002
Taman Mas Gelang Patah,Volunteer for Smart City Initiatives,0,3,8,3,14,78.6,1.4583119999999998,103.58953500000003
Taman Nusa Sentral,Volunteer for Smart City Initiatives,0,4,11,13,28,85.7,1.4686479101754246,103.6218457728127
Taman Nusantara Gelang Patah,Volunteer for Smart City Initiatives,3,6,30,37,76,88.2,1.469847999999999,103.58241300000003
Taman Pulai Indah,Volunteer for Smart City Initiatives,0,0,0,1,1,100.0,1.5415969999999994,103.58063000000003
Taman Nusa Perintis,Volunteer for Smart City Initiatives,1,5,11,15,32,81.2,1.4547929999999991,103.59158100000003
Taman Skudai,Volunteer for Smart City Initiatives,0,0,2,0,2,100.0,1.5152201341720626,103.64827600217464
Taman Skudai Baru,Volunteer for Smart City Initiatives,0,0,0,1,1,100.0,1.4989249999999998,103.63336700000004
Taman Pulai Utama,Volunteer for Smart City Initiatives,0,1,7,12,20,95.0,1.546635,103.61666900000003
Taman Sri Pulai,Volunteer for Smart City Initiatives,0,3,14,13,30,90.0,1.5662840000000007,103.62084300000002
Taman Sri Pulai Perdana,Volunteer for Smart City Initiatives,1,1,2,8,12,83.3,1.5608590000000002,103.61197300000003
Taman Sri Orkid,Volunteer for Smart City Initiatives,0,0,2,6,8,100.0,1.5111799999999993,103.63989200000003
Taman Ungku Tun Aminah,Volunteer for Smart City Initiatives,0,5,8,19,32,84.4,1.5222169999999993,103.65947500000003
Tanjung Adang,Volunteer for Smart City Initiatives,0,0,0,2,2,100.0,1.354748269159172,103.56555518083186
Taman Universiti,Volunteer for Smart City Initiatives,0,0,0,1,1,100.0,1.5338589999999999,103.61640700000002
Tun Aminah,Volunteer for Smart City Initiatives,0,3,15,15,33,90.9,1.5114129999999992,103.65721300000003
Tanjung Kupang,Volunteer for Smart City Initiatives,1,2,6,10,19,84.2,1.3836689999999994,103.60085000000002
Kampung Desa Paya Mengkuang,Volunteer for Smart City Initiatives,0,0,0,1,1,100.0,1.3728309999999984,103.58580900000003
Kangkar Pulai,Financially Support Smart City,0,2,1,0,3,33.3,1.557623346255399,103.5900325818511
Mutiara Rini,Financially Support Smart City,0,1,0,0,1,0.0,1.5078355041694056,103.62959825945602
Kampung Melayu Batu Skudai,Financially Support Smart City,5,6,6,2,26,30.8,1.5375311775221678,103.66057884175193
Kampung Teluk Serdang,Financially Support Smart City,0,0,1,0,1,100.0,1.497540820206339,103.6842046362624
Kampung Pasir,Financially Support Smart City,0,1,1,0,2,50.0,1.4945853313486772,103.6885092299382
Kampung Pasir Tampoi,Financially Support Smart City,0,0,1,0,1,100.0,1.489528976711252,103.69234611081013
Kampung Sungai Melayu,Financially Support Smart City,0,0,0,1,1,100.0,1.4727686482514186,103.69618299168198
Kota Iskandar,Financially Support Smart City,1,3,11,2,20,65.0,1.4217283625881747,103.65186469287806
Medini,Financially Support Smart City,0,0,2,0,2,100.0,1.4081059483297786,103.62848648849575
Kampung Bukit Kucing,Financially Support Smart City,0,1,1,0,2,50.0,1.390854856037487,103.60100371387837
Kampung Ladang,Financially Support Smart City,7,3,19,14,49,67.3,1.3664653807276952,103.62039632107592
Kampung Pendas,Financially Support Smart City,1,0,4,0,5,80.0,1.369439706984987,103.62753470409342
Kampung Pok Besar,Financially Support Smart City,0,0,2,2,4,100.0,1.361944404816612,103.58708386699425
Kampung Pok Kecil,Financially Support Smart City,0,0,1,0,1,100.0,1.361230566514862,103.5806593222785
Kampung Pok,Financially Support Smart City,3,2,1,1,7,28.6,1.3539732104470705,103.5778039690715
Kampung Tanjong Adang,Financially Support Smart City,0,1,1,2,5,60.0,1.35376500760906,103.567810232847
Kampung Pekajang,Financially Support Smart City,2,8,19,18,55,67.3,1.3582264969949973,103.5627538782096
Kampung Tiram Duku,Financially Support Smart City,1,0,1,1,3,66.7,1.3850020006229986,103.5802827126119
Kampung Simpang Arang,Financially Support Smart City,0,1,2,1,4,75.0,1.411161406593094,103.56791179966416
Kampung Lalang,Financially Support Smart City,0,1,0,0,1,0.0,1.4439454220430472,103.61894975107613
Kampung Baru Muafakat,Financially Support Smart City,0,1,0,0,1,0.0,1.4422322101188472,103.59567862243908
Gelang Patah,Financially Support Smart City,0,1,0,1,3,33.3,1.448085684193197,103.59525031945803
Kampung Melayu,Financially Support Smart City,3,7,28,9,50,74.0,1.449299209306172,103.58161600789461
Kampung Pulai Mutiara,Financially Support Smart City,0,0,1,0,1,100.0,1.4562234408331467,103.56898106995364
Kampung Melayu Baru,Financially Support Smart City,1,4,9,6,24,62.5,1.4561520570029718,103.56512634312419
Kampung Bukit Tempuring,Financially Support Smart City,0,0,0,0,1,0.0,1.4596498646815466,103.57155088783993
Kampung Pulai,Financially Support Smart City,3,5,17,0,37,45.9,1.4700005200569213,103.57105120102871
Nusa Sentral,Financially Support Smart City,0,1,0,0,1,0.0,1.465913795779402,103.61999373959245
Nusa Idaman,Financially Support Smart City,4,1,3,5,13,61.5,1.4685549974958767,103.63698309117409
Nusantara,Financially Support Smart City,0,0,0,1,1,100.0,1.4607259999999993,103.57992000000003
Pangsapuri Seri Mengkuang,Financially Support Smart City,0,1,0,1,2,50.0,1.3734244243868927,103.5928570083068
Pangsapuri Mengkuang,Financially Support Smart City,0,1,2,0,3,66.7,1.3758514746128425,103.59053703382611
Pekajang,Financially Support Smart City,0,0,1,0,1,100.0,1.3563022643554572,103.56359539905075
Perumahan Iskandar Malaysia,Financially Support Smart City,0,0,0,1,1,100.0,1.4767069191508742,103.6125235659439
Rumah Iskandar,Financially Support Smart City,2,4,9,4,20,65.0,1.4780528940047604,103.61829582592011
Skudai,Financially Support Smart City,0,0,0,2,3,66.7,1.5315719999999997,103.66048700000003
Sunway,Financially Support Smart City,1,1,0,0,3,0.0,1.3890379999999996,103.63923900000003
Sunway Iskandar Puteri,Financially Support Smart City,0,0,1,1,2,100.0,1.3920988729986623,103.63520964839215
Taman Desa Skudai,Financially Support Smart City,3,10,17,3,39,51.3,1.5445389999999994,103.64477400000003
Taman Desa Paya Mengkuang,Financially Support Smart City,0,0,1,0,1,100.0,1.3782679999999992,103.59063600000003
Taman Jaya Mas,Financially Support Smart City,0,1,0,0,1,0.0,1.494323999999999,103.64437500000004
Taman Harmoni,Financially Support Smart City,2,0,1,1,5,40.0,1.5366069999999992,103.65275500000003
Taman Medini,Financially Support Smart City,0,0,1,0,1,100.0,1.4382652948728767,103.63512496948204
Taman Mutiara Rini,Financially Support Smart City,1,1,5,5,13,76.9,1.5253379999999994,103.63999100000002
Taman Mas Gelang Patah,Financially Support Smart City,1,4,6,3,14,64.3,1.4583119999999998,103.58953500000003
Taman Nusa Sentral,Financially Support Smart City,2,3,15,5,28,71.4,1.4686479101754246,103.6218457728127
Taman Nusantara Gelang Patah,Financially Support Smart City,3,13,37,16,76,69.7,1.469847999999999,103.58241300000003
Taman Pulai Indah,Financially Support Smart City,0,1,0,0,1,0.0,1.5415969999999994,103.58063000000003
Taman Nusa Perintis,Financially Support Smart City,2,3,15,6,32,65.6,1.4547929999999991,103.59158100000003
Taman Skudai,Financially Support Smart City,0,1,1,0,2,50.0,1.5152201341720626,103.64827600217464
Taman Skudai Baru,Financially Support Smart City,0,0,1,0,1,100.0,1.4989249999999998,103.63336700000004
Taman Pulai Utama,Financially Support Smart City,1,3,8,5,20,65.0,1.546635,103.61666900000003
Taman Sri Pulai,Financially Support Smart City,4,2,14,9,30,76.7,1.5662840000000007,103.62084300000002
Taman Sri Pulai Perdana,Financially Support Smart City,0,2,4,1,12,41.7,1.5608590000000002,103.61197300000003
Taman Sri Orkid,Financially Support Smart City,1,0,2,4,8,75.0,1.5111799999999993,103.63989200000003
Taman Ungku Tun Aminah,Financially Support Smart City,2,7,13,6,32,59.4,1.5222169999999993,103.65947500000003
Tanjung Adang,Financially Support Smart City,0,0,0,2,2,100.0,1.354748269159172,103.56555518083186
Taman Universiti,Financially Support Smart City,0,1,0,0,1,0.0,1.5338589999999999,103.61640700000002
Tun Aminah,Financially Support Smart City,1,4,18,8,33,78.8,1.5114129999999992,103.65721300000003
Tanjung Kupang,Financially Support Smart City,3,3,5,3,19,42.1,1.3836689999999994,103.60085000000002
Kampung Desa Paya Mengkuang,Financially Support Smart City,0,0,0,0,1,0.0,1.3728309999999984,103.58580900000003
Kangkar Pulai,Belief in Citizen Participation,0,0,0,3,3,100.0,1.557623346255399,103.5900325818511
Mutiara Rini,Belief in Citizen Participation,0,1,0,0,1,0.0,1.5078355041694056,103.62959825945602
Kampung Melayu Batu Skudai,Belief in Citizen Participation,2,3,8,13,26,80.8,1.5375311775221678,103.66057884175193
Kampung Teluk Serdang,Belief in Citizen Participation,0,0,1,0,1,100.0,1.497540820206339,103.6842046362624
Kampung Pasir,Belief in Citizen Participation,0,0,2,0,2,100.0,1.4945853313486772,103.6885092299382
Kampung Pasir Tampoi,Belief in Citizen Participation,0,0,1,0,1,100.0,1.489528976711252,103.69234611081013
Kampung Sungai Melayu,Belief in Citizen Participation,0,0,0,1,1,100.0,1.4727686482514186,103.69618299168198
Kota Iskandar,Belief in Citizen Participation,1,1,10,8,20,90.0,1.4217283625881747,103.65186469287806
Medini,Belief in Citizen Participation,0,0,0,2,2,100.0,1.4081059483297786,103.62848648849575
Kampung Bukit Kucing,Belief in Citizen Participation,0,1,1,0,2,50.0,1.390854856037487,103.60100371387837
Kampung Ladang,Belief in Citizen Participation,1,7,16,25,49,83.7,1.3664653807276952,103.62039632107592
Kampung Pendas,Belief in Citizen Participation,0,1,3,1,5,80.0,1.369439706984987,103.62753470409342
Kampung Pok Besar,Belief in Citizen Participation,0,0,2,2,4,100.0,1.361944404816612,103.58708386699425
Kampung Pok Kecil,Belief in Citizen Participation,0,0,1,0,1,100.0,1.361230566514862,103.5806593222785
Kampung Pok,Belief in Citizen Participation,0,2,1,4,7,71.4,1.3539732104470705,103.5778039690715
Kampung Tanjong Adang,Belief in Citizen Participation,0,0,1,4,5,100.0,1.35376500760906,103.567810232847
Kampung Pekajang,Belief in Citizen Participation,3,4,16,32,55,87.3,1.3582264969949973,103.5627538782096
Kampung Tiram Duku,Belief in Citizen Participation,0,1,2,0,3,66.7,1.3850020006229986,103.5802827126119
Kampung Simpang Arang,Belief in Citizen Participation,0,1,1,2,4,75.0,1.411161406593094,103.56791179966416
Kampung Lalang,Belief in Citizen Participation,1,0,0,0,1,0.0,1.4439454220430472,103.61894975107613
Kampung Baru Muafakat,Belief in Citizen Participation,0,0,0,1,1,100.0,1.4422322101188472,103.59567862243908
Gelang Patah,Belief in Citizen Participation,0,0,0,3,3,100.0,1.448085684193197,103.59525031945803
Kampung Melayu,Belief in Citizen Participation,4,4,26,16,50,84.0,1.449299209306172,103.58161600789461
Kampung Pulai Mutiara,Belief in Citizen Participation,0,0,1,0,1,100.0,1.4562234408331467,103.56898106995364
Kampung Melayu Baru,Belief in Citizen Participation,2,2,11,9,24,83.3,1.4561520570029718,103.56512634312419
Kampung Bukit Tempuring,Belief in Citizen Participation,0,0,0,1,1,100.0,1.4596498646815466,103.57155088783993
Kampung Pulai,Belief in Citizen Participation,1,3,15,18,37,89.2,1.4700005200569213,103.57105120102871
Nusa Sentral,Belief in Citizen Participation,0,1,0,0,1,0.0,1.465913795779402,103.61999373959245
Nusa Idaman,Belief in Citizen Participation,0,4,2,7,13,69.2,1.4685549974958767,103.63698309117409
Nusantara,Belief in Citizen Participation,0,0,0,1,1,100.0,1.4607259999999993,103.57992000000003
Pangsapuri Seri Mengkuang,Belief in Citizen Participation,0,0,1,1,2,100.0,1.3734244243868927,103.5928570083068
Pangsapuri Mengkuang,Belief in Citizen Participation,1,0,2,0,3,66.7,1.3758514746128425,103.59053703382611
Pekajang,Belief in Citizen Participation,0,0,0,1,1,100.0,1.3563022643554572,103.56359539905075
Perumahan Iskandar Malaysia,Belief in Citizen Participation,0,0,0,1,1,100.0,1.4767069191508742,103.6125235659439
Rumah Iskandar,Belief in Citizen Participation,0,2,9,9,20,90.0,1.4780528940047604,103.61829582592011
Skudai,Belief in Citizen Participation,0,0,0,3,3,100.0,1.5315719999999997,103.66048700000003
Sunway,Belief in Citizen Participation,0,1,0,2,3,66.7,1.3890379999999996,103.63923900000003
Sunway Iskandar Puteri,Belief in Citizen Participation,0,0,1,1,2,100.0,1.3920988729986623,103.63520964839215
Taman Desa Skudai,Belief in Citizen Participation,2,3,15,19,39,87.2,1.5445389999999994,103.64477400000003
Taman Desa Paya Mengkuang,Belief in Citizen Participation,0,0,1,0,1,100.0,1.3782679999999992,103.59063600000003
Taman Jaya Mas,Belief in Citizen Participation,0,1,0,0,1,0.0,1.494323999999999,103.64437500000004
Taman Harmoni,Belief in Citizen Participation,0,2,1,2,5,60.0,1.5366069999999992,103.65275500000003
Taman Medini,Belief in Citizen Participation,0,0,0,1,1,100.0,1.4382652948728767,103.63512496948204
Taman Mutiara Rini,Belief in Citizen Participation,1,1,4,7,13,84.6,1.5253379999999994,103.63999100000002
Taman Mas Gelang Patah,Belief in Citizen Participation,1,2,7,4,14,78.6,1.4583119999999998,103.58953500000003
Taman Nusa Sentral,Belief in Citizen Participation,0,2,13,13,28,92.9,1.4686479101754246,103.6218457728127
Taman Nusantara Gelang Patah,Belief in Citizen Participation,2,4,30,40,76,92.1,1.469847999999999,103.58241300000003
Taman Pulai Indah,Belief in Citizen Participation,0,0,0,1,1,100.0,1.5415969999999994,103.58063000000003
Taman Nusa Perintis,Belief in Citizen Participation,2,2,13,15,32,87.5,1.4547929999999991,103.59158100000003
Taman Skudai,Belief in Citizen Participation,0,1,1,0,2,50.0,1.5152201341720626,103.64827600217464
Taman Skudai Baru,Belief in Citizen Participation,0,0,0,1,1,100.0,1.4989249999999998,103.63336700000004
Taman Pulai Utama,Belief in Citizen Participation,0,1,7,12,20,95.0,1.546635,103.61666900000003
Taman Sri Pulai,Belief in Citizen Participation,0,5,12,13,30,83.3,1.5662840000000007,103.62084300000002
Taman Sri Pulai Perdana,Belief in Citizen Participation,1,0,2,9,12,91.7,1.5608590000000002,103.61197300000003
Taman Sri Orkid,Belief in Citizen Participation,0,2,2,4,8,75.0,1.5111799999999993,103.63989200000003
Taman Ungku Tun Aminah,Belief in Citizen Participation,2,2,11,17,32,87.5,1.5222169999999993,103.65947500000003
Tanjung Adang,Belief in Citizen Participation,0,0,0,2,2,100.0,1.354748269159172,103.56555518083186
Taman Universiti,Belief in Citizen Participation,0,0,0,1,1,100.0,1.5338589999999999,103.61640700000002
Tun Aminah,Belief in Citizen Participation,1,2,14,16,33,90.9,1.5114129999999992,103.65721300000003
Tanjung Kupang,Belief in Citizen Participation,1,2,7,9,19,84.2,1.3836689999999994,103.60085000000002
Kampung Desa Paya Mengkuang,Belief in Citizen Participation,0,0,0,1,1,100.0,1.3728309999999984,103.58580900000003
